Feature_1,Feature_2,Feature_3,Feature_4,Feature_5,Feature_6,Feature_7,Target
-0.5154292155520028,0.048790652904581316,-0.4423945415202927,-0.27176155322625717,-0.8688732828288429,-0.7077670159675393,-0.5672120553154762,1.547243735519709
-0.8712559815086953,-1.2853588720088664,-0.6410480557230723,-0.6159280303384822,-0.7273240587554094,-0.5671050062596565,-0.4286356822557671,0.018261194590641905
1.4847159814952244,2.216667394456949,1.34780644669949,1.5228636961031847,1.4501618990384286,2.006575796980396,1.5165671813819603,8.298629018159899
0.23565366888525757,0.38867485996622303,-0.12175201073974068,0.047294851580001324,0.4141393272515312,0.5584319250204813,-0.011258577517110915,3.910648300890348
0.48892125134070125,0.9889202970170725,0.4612757867952031,0.9025688555574003,0.2785331362377208,0.7231885270195981,0.17683520399118216,4.065421048958319
1.2284988056561026,1.1353412645389331,1.281624682498774,0.6118941535805006,1.582883937838752,1.4177121581482892,0.9134936423683534,6.274964014490918
0.022426773037448257,0.16020074756138156,0.3960220244383332,-0.37479375272331356,0.2674006361608942,0.337199790250641,-0.03438985863285977,4.091131674056396
1.780670897288065,1.8328364676296087,1.8580076112910162,1.3569649397277068,1.942010005199771,1.4471663055939152,1.582865558601323,9.409995299005008
0.7119173205234219,0.5711577141215709,0.8849802713407002,1.1245203957364254,0.5419429316629695,0.9569643352760108,0.8256350733174128,7.592136179665874
1.3816755066253443,0.8569357636672994,1.1392585383318399,1.3786821303607721,1.2516132220437133,0.7177945826344247,1.2805863830851743,7.387447899404169
0.10473070563039,-0.3324140400686251,0.030094463748824775,-0.5090106092200549,-1.2480466127261582,-0.12003668794588285,-0.3442392745702371,4.75719800745888
0.3127705162969081,0.08110785048895697,0.712882003569438,-0.0432871814482104,0.5776937023615776,0.5101356316820164,-0.14996254075343385,4.300624224400354
0.6261683270824456,0.7958072332143468,0.958060515382532,0.8379962848398826,0.5616066717082594,0.6339717096249168,0.997863492141574,8.054354326070477
-1.1317418636372778,-0.8325973872620216,-0.7912253947530647,-1.222796242267041,-1.1191846555084648,-0.6620771173033916,-0.7237896871195086,-3.925896817006923
-0.07356947990940646,0.0250389896809133,-0.1948791494984887,-0.16455975402197692,0.10403851440210625,0.43825986527299726,-0.1685547840874421,3.885055836992167
0.16587217262310777,-0.36151051659579814,-0.976895710116297,-0.21023522488649565,-0.5773455337878194,-0.2945852416658017,-0.4497255502394375,3.0223396089463828
0.6635723511251033,0.22815535596810457,-0.4870254786769779,-0.14022706753578695,-0.2638561155950089,-0.1322291755193173,-0.27152754214541414,2.2181008651431533
-0.4873950579294657,-0.0763547336451751,-0.4515696793002186,-1.0353899011864305,-1.2764355503504015,-0.6685027946489887,-1.0372507715758343,0.270449819374163
0.7813388848159425,0.6670676404655133,1.0253727056477617,0.8233940556825977,0.7418490311395932,1.2991612674836133,1.2917535992994371,8.976504852451173
-0.7220208309853329,-0.8695493734634782,-0.25747476721589957,-0.3806625901864372,-0.42109800534533576,-0.6123503610791746,0.09326908362311145,-2.372954159896005
0.1651989157245627,-0.6257055250162429,0.006309902493049348,-0.34747074482685925,-0.0980436121942235,0.036183228280386115,-0.6589252438313127,5.489480439712424
1.4154068606626198,1.3436681787449767,1.0496534665879145,1.4040283599893884,1.2325053705048934,1.1735188930004345,1.2194049900312613,4.285762579048699
-0.4893715640448259,-0.5587648796446393,-0.010977407732640448,-0.047906923726800374,-0.6959566298956283,-0.39575934814675967,0.2371205668994398,0.17475050570530382
-0.41339477606633,-0.2694799286076818,-0.5378577969723859,-0.9565562256458913,-0.8550130454200369,-1.0057207463407862,-1.2301552845606656,2.4096731987671123
0.013964563975711275,0.3071086038458144,0.31250552599946124,-0.05672180728357787,0.46098175877550035,0.39473638210683354,0.20987639374912476,2.6147540352248355
-0.7871319033583905,-1.1457711679107692,-0.7604630264410415,-0.36081747066253356,-0.23710960169481002,-1.4633858028136622,-0.7818902998149737,-1.6337815062267436
1.165222540532819,0.8071891568136607,1.0505476106351597,1.2614894978483135,1.0143674831143834,1.0643047158281316,0.8046625619711534,7.973435028550859
1.3177448010838366,1.5723855140184952,1.5492570163513537,1.4096984461489093,1.0921426760644353,1.4339858507846333,1.764082649154307,11.014987021063533
0.8901354580883132,1.0389461522630392,0.8519107946929788,0.4903961329143204,1.0920376945491301,0.6045397153592255,0.9479395403280323,2.8115928023850842
-1.4109677799404126,0.13657899456229472,-0.8350012031041665,-1.3484076677329175,-0.9253681925510522,-1.2999658226080588,-1.3702607511631677,-5.8844043898069085
-0.21341615961536772,-0.8448903919432089,-0.3355691616797205,-0.4059997050078081,-0.826795970693704,-0.7416919011859903,-0.4527668684709768,4.296928044010732
0.08434200267880103,-0.09643069151580923,0.7371374278482745,0.5942062524060283,-0.5166296677469098,0.6020338620013633,0.18043410871912052,8.049345765100016
0.7700652642238136,0.10702841494066179,0.5281765651185766,0.12426127256371207,0.4493657318040064,0.5050854954551175,0.6747894747234175,5.820544550202465
-0.19363193063767928,0.08137967472812088,-0.5807151579371278,0.396512979904627,-0.42420109115909116,0.004930888271987516,-0.7330933575963063,0.439671036650219
0.8823558188525757,0.21445626189772826,0.8448023448848901,0.5712343143163829,0.8183992126995956,0.7021800399139113,0.39609425681900773,10.619587480191601
0.1807946084052877,0.7735487211894094,0.13755459836989142,0.6923209051746486,0.13793296698700264,0.4360216769631118,-0.11926297425439969,5.976667733595915
-1.726894563190013,-1.9194160555856439,-2.328649676960463,-2.171377205774002,-1.625774206531805,-1.9465148356908564,-2.485559537083559,-3.368116084092977
-1.0120692803881102,-1.1795853063777648,-0.9805626772380779,-1.2776353590803848,-0.32935798437990954,-0.3510259863195836,-0.05460618778726865,-1.4773003130646722
-1.9795862766515127,-1.0842698659004697,-1.933942214825937,-1.3251357978237106,-1.212524673247031,-1.5952401910168643,-1.7954872594302094,-5.19394478186275
-0.2971409870805342,-0.06591969669927143,0.09213999297114536,0.09423644943318091,-0.1519478143228311,0.07197648579717975,0.18816282506775073,2.2214968598889557
0.0853086691099805,-0.19327123673706154,-0.8907072859718422,0.2546758606514404,0.39409036992141394,-0.5420417971575185,0.13214201946369164,2.483811876779815
-0.4802728499770754,-0.2966828059802258,-0.7390734583276436,-0.7650354841222993,-0.6271875945780696,-0.40552745783711946,-0.6239922658802759,2.525842147799189
-0.5442352556091609,-0.5889683581961997,-0.14418763294653594,-0.04070384484960412,-0.22503196542225848,-0.5877758038877896,-0.2587018267731903,3.0000038222192553
0.7544206896462242,0.24292878588964442,0.8364125790050351,0.5008172475248746,0.5125609079235086,0.2887832054939475,0.6135252561574264,4.497052269755482
-0.5823211009310509,-0.1485702835258289,-0.24975253878712705,-0.4601069436454445,-0.525337985179721,-0.8273648246278942,-0.8684223988745086,2.3127592812677173
0.1795718723899458,0.13098999072370146,0.000657806097389942,-0.1125197761423633,-0.12612108105046266,-0.04814941962071098,-0.16501398997975392,3.573844577124442
1.3949568839732331,0.7526402400637906,0.760231421939999,0.3138515623051398,1.2140595205296367,0.5554294818974993,0.485411197649473,8.42698357253518
-0.6043987113299719,-0.6658946861906015,-0.278996196062576,-0.847289898440709,-0.6765562519998533,-0.41214909512630393,-0.720407724478941,3.4225812301542744
0.6952341533312686,0.8292077602408311,0.8349808847215651,0.6002998154274102,0.6906401588167482,0.8017831334328558,1.0731381466071421,3.8571560315648137
0.3468244941639751,0.4277962270742176,0.23572569820579684,0.20034127521202647,0.4298317042819222,0.7848290174189633,0.9677643081013221,4.201157879231709
0.13465557811484702,-0.3428851630300734,-0.6758638652783684,-0.19873957327023503,-0.4233271474972634,-0.42268196028700605,-0.1521493254148718,1.4474401283634668
0.37049277082783666,0.4057553025844595,0.2342448459461996,0.4065062413222009,0.5553049803806847,0.15330039551227476,-0.19353138058795477,2.093457102432904
-0.7773692010972384,-0.5933430669617759,-0.858390803566607,-0.5225704972882503,-0.649060250118471,-0.6187361814407358,-0.599857122865739,0.36379971087062957
-0.05132609826516786,-0.4500009482724905,-0.1250573617754225,-0.22545295122375042,-1.1500957241878869,-0.7406823719604037,-0.5906266528536149,5.845957330457673
-2.330497598361589,-2.2191569185349698,-2.1350826300450434,-2.3586824692891666,-2.339266315946726,-1.4283335227752705,-1.845945186729587,-8.060895102210598
-0.043748060502534804,0.041144525705027836,-0.3601311791928914,0.20883729895725545,-0.6139829924030492,-0.39737964214421484,0.1586322945104553,1.4889576444595765
1.798580622979345,1.0294146108916418,1.5315175650154675,0.892101267264027,0.8140190172589344,1.0757286267062203,1.6953290900208289,9.989693837959567
-1.6503793958957511,-0.8931100439011618,-1.2270630782528407,-1.1828840378504215,-1.0711879432569813,-1.014185710760834,-1.246241217442233,-2.9370197179769404
0.9791559399407611,0.6858605883649479,0.7734866099145387,1.4991428977036776,1.1031674040955286,1.1744325024788593,0.9306367517061865,7.832933691653499
-1.1244011322534235,-1.1929572345538408,-0.7697003296626715,-1.1431642500137176,-1.410125869125364,-1.2523860540017542,-1.6591141200818675,-2.8729382807195667
-1.4565407242993886,-2.3558138966033306,-1.5960376004773764,-1.8711382220830395,-2.0254027059866506,-2.1565681042452747,-2.331662054399375,-2.079252451973189
-0.34611570579450357,-0.48912386107475286,-0.7814464911597581,-1.3981676204866238,-0.8332621828773777,-0.0956107305519144,-0.648208069863354,-0.28258370421881485
-1.414835373595335,-1.4198687430468393,-1.5656219475093365,-1.7471276940500333,-1.7033596674207243,-1.5226524249748383,-0.6822308779654391,-7.2007526028198985
-0.5740229102361036,-0.22289369443854345,0.11717944905402261,0.005405614185956402,0.5352988799596304,0.11439512986045822,0.24347264207801056,4.1717908206992025
0.1812447868091797,0.4291001513493303,0.8109649581043089,0.6129949808184041,0.1871340870207789,0.701958016760963,0.5160582886882481,6.367127625307172
0.7267961533209468,0.6660944534934802,1.315811095529662,0.19842224866983488,0.7023090274544664,0.9362935880062258,0.7611934725554681,6.655982410809929
0.7317124598155387,0.4508067804006382,0.8373684681354121,0.6461669221529012,0.8605022164696853,0.5628538738679784,0.5940481758270132,6.741914872568969
0.4700606566016223,0.35647004103187363,0.8943441488296564,0.02103767001008856,1.323322829784625,0.6609116039028948,0.12796588581190055,7.798478402002009
-0.4601691871668803,-0.9662768828229198,-0.7677113344015302,0.24340135833961057,-0.9966178192309151,-0.8792593138404945,-0.03242413294601974,1.4043514044070458
-0.4159852710874497,-0.0015572169061099715,0.2987932130422589,-0.8294790920853212,-0.17066562742650457,0.01378212435218991,-0.2567272577561857,3.1288841800811618
0.44090658112562625,-0.44789867078715573,-0.026760814655881326,-0.002588512706740918,0.439288869540872,-0.2554673538754963,-0.09411697627716245,4.330402258518926
-0.07435618839924185,0.5210280188635401,-0.11768259064389856,0.550076247414762,0.5522000032570248,0.28652265217892015,-0.4437980350239664,5.159619196481243
0.4795175811868759,0.7386212099957665,0.35335276866441784,0.4808275378436408,0.8331331677816056,0.818607794867421,0.6508729728256089,5.3480069117600575
-0.02192000435636697,-0.25797697153218085,0.16347428342441506,-0.01844856626402467,0.41994229215454565,0.17299166226475973,-0.12180495181325438,4.436768846117587
0.12500377392921339,-0.3015673815710808,0.15384015716587712,-0.26433840854221563,-0.21935987203982102,0.3092162665656715,-0.467653489876501,2.604878457090358
1.2493017433947295,1.3309769648640837,2.0682519527116905,1.8675185730140775,1.605569832990269,2.0387814321865485,1.9201811507014368,10.65067706413328
-0.29136486663314864,0.45126446696422035,0.047488754575200215,-0.09939461749228026,-0.051114415035167886,0.31486602438602274,0.07054526195219597,0.5862103738311839
0.7962797314952437,0.47411608058967014,-0.11663660496631857,0.9942687491006443,0.8017524542962284,0.8547800315296247,0.056738492855147656,5.478646696648843
-0.611232094959876,-0.2507336552139725,-0.6750796235451758,-0.7135271373573411,-0.4745033304350466,-0.7297251261814272,-0.4077044822187289,-1.727186575565359
-0.1444329178156313,-0.4100479248169256,-0.1600439685912729,-0.44382796568665545,-0.22388697470089156,-0.10902869496122333,-0.2116415494851188,1.1031989922710004
0.33053737785596154,-0.9690808152429571,-0.5374750194763758,0.044553420460565735,-0.08717260780939994,-0.4706765983250069,-0.25023007314167445,7.574078579406433
0.41620308792927974,0.9644078885477703,1.099828176622286,1.1921778669112146,1.4517571147337553,0.855689932225817,0.7673400901562258,8.047393611491778
-1.4404175563056647,-0.6075960705592226,-0.26946807785116106,-0.8315156735521767,-1.1492912424597315,-0.6675305103578791,-0.5856248333980708,1.2186020538076607
0.5823507574321192,0.11197358815352024,0.20867134340846738,0.8162486419974506,0.23051055011654406,0.02555440459432337,0.804329090805777,2.91394294964445
-1.0445885790773313,-0.5172643957281137,-0.7451380672256188,-0.9280512349138119,-0.5894380203535795,-0.981093470861155,-0.7520965222572039,-1.4500132300066564
0.40865766220078137,0.19627403235606755,0.6995303882260023,0.36559926048981434,0.7636555253280112,0.6516600674273654,0.32830573436096916,3.989509183470317
-0.4346121740556111,-1.2187334587384149,-1.015392278863756,-0.25736777011688794,-1.3984798280772708,-0.5505514300834526,-0.9453791575829343,0.7759808752087454
-1.2389133220077955,-1.5429088835890905,-0.7372009068830909,-1.8132110508629045,-1.721056199059591,-1.556457655744503,-1.4036957686265668,-3.2450752637419735
0.10788127978268156,0.36202723675215615,-0.01882059331261065,-0.3792078100951212,-0.42174107293561486,-0.36221892957132007,-0.020130124674726323,3.411371379361456
-0.8200303410417386,-1.1027883813110213,-1.4416686998723158,-1.7448911148689104,-1.205511368157172,-1.3612590524921617,-1.3291244143806866,-2.499573787889403
2.0661121970793754,1.8632700664020443,1.0801984153831197,1.4236453161922604,1.3691214934834974,1.8213232910392583,1.7044692364619254,11.072534942906623
-0.4477672664168724,-0.4142774806473076,-0.09911816946954335,0.15506463674668625,0.5404030280756782,0.1770465055585168,-0.4020889528333536,4.3548060788986085
0.15513002710935175,0.7810187415643343,0.46946931966770394,-0.35256984122007273,0.3788885206946615,0.537857545046951,-0.32496712471324124,6.942464336956974
-1.1559247506911499,-0.9132479359959147,-0.8091815599165968,-0.6847834658871014,-1.4118471965327486,-0.8722568817795993,-1.693173629307195,-2.813063951675148
-0.2316696594725568,-0.36164223165659887,-0.34534783537105523,-0.22083582806340452,-0.043419580201398494,0.06995894636522136,-0.1928806212004463,4.587790727372139
-0.17641644795263117,-0.9219520542788732,-0.01460138222988703,-0.22763537588133098,0.5550600690122507,-0.44732630229590176,0.5205041566285321,4.980691595462856
0.21892526274063562,0.5061581966906759,0.8079009553381707,-0.3654051679147517,0.3477154783195693,0.5069009175715582,0.2715084497034471,2.5974703585665324
-1.0045552763221315,-0.9878705854574925,-1.6314691523033655,-1.366380354162709,-1.0013810980876963,-1.0482223136717161,-1.4709957761337038,-0.316715374624138
0.1200587371135414,-0.10903535474387667,0.6189241665472276,0.3615787087746241,0.07888795525123041,0.1525827952400664,0.38556822381556566,5.031020306553366
-0.41530481886685844,-0.6849380482240814,-0.28277170466115004,-0.8059364710687005,-0.9061738822223152,-0.4482157958158956,-0.5792888891351557,1.1494284148173564
0.8069372611110085,0.020698859376799557,0.5919034071866979,0.00028365571282029303,0.4432587670871723,0.9004844047144254,0.7351652945505294,5.5124332730654295
-2.287430686149234,-1.4611405015404495,-1.7549171309815266,-1.3438134205606296,-1.7774877711363104,-1.8753912344321906,-1.2451484300866984,-7.178366119556143
0.3589993745768263,0.08006881066881216,-0.017047336012788666,-0.04266113159278095,-0.13893036123980798,-0.011677723252706365,0.023147975887450767,6.670321663807343
1.2405254762117561,1.7896831372949338,1.7004525334874834,1.7567473263334097,1.5682202951210635,1.5455032558986295,1.8455042378753597,8.137361237982166
0.2882446781678562,0.8797579291168934,-0.03442345444076828,0.506519484246048,0.751475889382178,0.5331284623533408,0.6880597987716885,4.367938646455256
-0.3769317944254101,-0.6575423079466387,-0.8511961498821187,0.40537488137907884,-0.6021944691202892,-0.4879117919211203,-0.5928257454885735,0.7397752203839922
0.6050795091056171,0.42013175640297235,0.32186954374947224,0.6793955395377029,0.7265274630563211,0.6164638296469239,0.81261818085179,4.235568825438056
1.074730251604112,2.1428151923861836,0.9876382717103419,0.9947485155514267,1.8183163635232573,1.3216656026166933,1.0752626875158697,7.572672939509175
-0.4175876589244965,0.2829508017708968,-0.4005250004572531,-0.7861338560705904,-0.717015590924343,-0.5127219699283357,-0.7508816697917916,-2.2891555747317507
0.42832360917655476,0.5676697154801555,-0.22162557302484015,0.022539607988485474,0.4308637773020478,-0.2213362399031886,-0.36347907099932514,2.3161267604759486
-0.841413699542442,-0.7288189883226793,-1.012300784972195,-0.08093663187445477,-0.7348657070723212,-0.6280877624648291,-0.7107584505328497,0.16783721740645827
0.21488120697709395,0.3970947732318266,0.37652271232853685,0.09123507378195073,-0.13544680858208402,0.21780427983414136,0.4946203479341357,3.427055414111605
-0.2188418502063974,-0.36536891567908847,-1.0264696789083625,-0.2837703103707941,-0.777058838051799,-0.6093174966706193,-0.4660072382689859,0.4068390349519224
-0.11907727029400059,-0.05972688080675703,-0.33591208054450544,-0.5112402107061886,0.2840940569546647,-0.18619033955658623,-0.4620591618681414,2.777661148592841
-0.018365841045444958,-0.17094597036039502,-0.2168039654264968,0.08125113500937342,0.014310135903488544,-0.1270694745435151,0.24808115386529367,3.748801975688284
0.3606592029252088,0.26114724912399373,0.3973390414569884,0.44094570464399835,-0.08323892513789126,0.5730427921170855,0.11948059106956277,6.097411002400401
-1.3260301453421799,-1.527475179651783,-1.319609520243266,-1.6389617634054352,-1.1460074400725309,-1.7291198108077563,-0.9978245814179653,-4.407232817255573
-1.170240652426475,-0.47489166429832375,-0.9698761579829532,-0.5429885683046595,-1.613552655218735,-1.329767606867742,-1.030241405890819,-3.1755302802330787
-1.6634375968602757,-1.696612507408786,-1.677403359248312,-1.5288685531477795,-1.6867169604266854,-0.99304927033378,-1.3264307394507369,-0.9529569277141632
0.7240001975525016,0.7048243318752696,1.171426260296659,0.8666266853428959,0.25148969650150715,0.7511859021339146,0.6695311758398013,7.76615221686065
0.24486327021006274,0.1090815843493988,0.19786219961286716,-0.10042989808949895,0.06912289434831728,0.12143857539632824,-0.31086415678524854,1.9479370875568098
-2.53442712652531,-1.9632172904386298,-2.536202086721677,-2.6122794554054836,-2.324437100178095,-2.182307678374847,-2.2811411040117013,-7.247204206228966
-1.525359258414377,-1.2615200741492802,-1.0812662613120714,-1.4810429301813763,-1.4651614613694426,-1.1764801956862443,-1.51700279340688,-5.427752813178312
1.9023917161998203,1.3802285140142885,1.3576692669619064,1.3454342181506485,1.2568719850050614,1.0226034596501374,1.8801009317977597,8.893791342958497
-0.041161137362434395,-0.7142500318275115,-0.9409545090105647,-0.9700565097399404,-0.8851889840163426,-0.39700352337171346,-0.4592066538580036,4.407552001032631
-1.867466591012489,-2.007876533632738,-1.044022736122927,-1.7529451944803345,-1.4009407345837583,-2.129314002005181,-1.808912845824381,-4.759713610050137
0.7736926222180788,0.6743925134926214,0.4290388307637833,0.8863667559890044,0.15568321259355627,0.1615419253569184,0.19523947529898808,3.8762673263517122
-0.8199108048822934,-0.9735410272905209,-0.7019664014856245,-0.9274622347291623,-1.0644085169647497,-1.5987565816246596,-1.3348181702143507,0.2683456279410954
0.2027488177732464,0.1091093504470475,-0.07000861252225049,0.208048850658597,0.2771786292754592,-0.09381224592065177,0.4853033503863371,0.736860286800455
-1.1664857151497636,-0.7524091701104063,-1.2507265514285344,-1.7018489664420504,-0.877329733932974,-1.6431808851241494,-1.1650555321446083,-4.461258683522604
0.3584529276231954,0.5120213846210641,0.4799568510984901,0.5092436928504475,-0.03803887167502474,0.1470611421387758,0.09134884312215914,4.990126795896389
-0.30913482930938935,-0.29486702436034656,0.0196349156447349,0.01726392080863839,-0.5624224407114958,0.015540076818973372,-0.13504177034310813,1.6804959685745264
-1.588626599751498,-1.2039925313745674,-1.0821109682802939,-0.8202761097212529,-0.740129305461067,-1.1355146721550649,-1.4281317673819862,-2.1867333972300758
-2.222665259751644,-1.3914061149110888,-1.9071041677589866,-1.905803818708558,-1.777089779399119,-1.1931537050116636,-2.1938885435223594,-3.891575100095631
-0.39826338352579105,0.3781638804335604,-0.18710473307009456,-0.2912185703563507,-0.16089895522454478,-0.24508840737122375,-0.7274163241082572,1.5595744839474337
0.576568704023658,1.2202182517362776,1.0298908846374066,1.028325485933064,1.1993887754855765,1.1836725216420008,0.9243125684472088,6.431970323981031
1.6193915751325327,1.3122861489488153,1.3245966766277488,1.26033758434134,1.0073986383387443,0.9748362342660423,0.8780572051577257,8.126780157202806
-0.2399213071891534,-0.08529735429273756,-0.5580668164503705,-0.33974177658003923,-0.4723751225482145,-0.9681801650255946,-0.333056303542845,0.7120316453204936
1.174016114399922,0.7571388999055971,0.2278551156502501,0.27860056964577395,0.8092043637353404,0.5396719266841835,0.7407962210857567,5.578450557650931
0.49339874745308077,0.9997718612993454,0.29572252056040177,0.17473064290367646,0.3016076382023423,1.4735783502733442,0.6293854060271091,5.535869032470192
-0.6268074449964482,-0.2674618612885338,-1.097935825989378,-0.9222417773295039,-0.7406660123260298,-0.61816952622137,-0.986298204547024,-1.4934802652117367
-0.9036104943655732,-0.9675346068449246,-0.790161769868817,-0.9111764166125987,-1.297838887143198,-0.425068416487848,-0.5770410671813484,-0.35104598357146666
0.8754341743065841,1.3222438854312888,1.1250240091311459,1.0208799064018197,0.578295301846157,0.4981187574535267,1.2841273578754067,3.627779125831535
-0.8666609200707404,-0.7180732749571439,-0.5950137181028702,-0.9434867295232255,-0.8755406262916209,-0.9880174228456873,-1.202039641649489,-0.47380636386507013
-1.160265170485388,-0.5017926053084844,-1.2929934538725076,-0.6759648698859291,-0.7075313375468854,-1.6593246918683913,-1.027078292216302,-4.430099474681836
-0.37995456756647156,-0.35746364840618866,-0.03357636486650039,-0.22102963322340904,0.046078041746687406,-0.12204194851765447,-0.25668420991237195,0.8250181735889655
0.6504799841246415,0.06300186088236304,-0.07047451146880965,0.11907952458150782,-0.2902253640996341,-0.5017484463569979,0.19289906279533284,3.87871784286702
0.902624613777713,1.5063592427252237,0.8800382218148012,0.8408772442455988,1.1463968441445493,1.0991582129034114,0.4703828582907283,6.485639963523492
0.7433310852818817,1.5979167489589718,1.1210185646211641,1.5893122504485675,1.381477614695009,0.8728324272522008,0.8985043657989843,7.144094637572181
-0.013718958822405411,0.370888668281717,0.5044213779980234,-0.20840448750461957,-0.4868943819567101,-0.19220486846650783,0.2836606273844893,1.3596797764209203
0.7140317593678178,0.6201973867896777,0.4269097143540677,0.6971442871232588,0.3686863052633539,0.6399343480100677,0.720162650641283,5.990941278574627
-0.9621935906953041,-1.6146348428878246,-0.6205508974050347,-1.2930448217032189,-1.8181305004522643,-0.5858388307365049,-0.955010455086413,1.4286419868513023
0.018754046334111554,0.46351701230235587,0.6472896653237423,0.39806805026689,0.20213984932640186,0.6847872589226748,0.011362898734862894,5.095214027973242
-0.433647128887172,-0.3982969656843193,-0.7344597194820166,-0.25276395582251965,-0.6541837235925696,0.06972524432626136,-0.7893416801563375,0.6408085445767393
-1.1860813919585624,-1.5004549259334592,-0.9324509853130755,-1.8790500478988879,-1.4403302873609598,-1.6198556277318543,-1.4867825438302111,-1.7717214151013108
-0.10956235455824026,-0.4841545544479222,-0.5018183469721224,-0.4948773944639431,-0.477460825749108,-0.4647764425534103,-0.34573932885235703,2.4518212772469306
-0.6805387199168619,-0.3483914990291193,-1.288463460121929,-0.5075020237474827,-0.7694041753255328,-0.7347188985257987,-0.5412096496236187,-1.123565853037059
-0.039118909653738085,-0.5559670031943227,0.2049270999518659,-0.32226168063666977,-0.5154516609464943,0.18175667589291317,-1.2730289809220823,1.6673594895032915
-0.894332419391361,-0.19100166966024593,-0.30529263133176177,-0.37174825484139823,-0.8759641036084634,-0.5101547558264545,-0.9529736186926234,0.14882397893995053
-0.4299243927562579,-0.0862417313850201,-0.24826087809008568,-0.1187014325606851,-0.9569574913316365,-0.6889330285327335,-0.7887188176925404,4.046571377861464
-0.7095580902094345,-1.0567076466866174,-1.6061297240984556,-0.9940639791788289,-0.6329096096030836,-1.3907586805900878,-1.009467120855374,-1.8304530579722709
0.7024478750828541,0.7577398748085833,1.1558326744524718,0.6483228373654945,0.7473955459383154,0.3743794932931781,0.6624613205887698,4.677273834000851
0.5157142178849721,-0.03596841831764157,0.22396158259490553,0.10371009364208109,0.4547518635462502,-0.17187991291826538,0.5439193492536563,4.854586029197002
-1.3593590905604522,-1.6531357530908712,-1.5920877373090487,-1.0572711484459605,-1.2672058270479576,-1.0653306872263921,-1.2136009477465841,-1.0925865396062893
-1.7726033479185606,-1.0313752585228848,-2.0168921492719627,-2.1064851894873073,-1.229493053495404,-1.2126751129481792,-1.3029450764078845,-3.4130865297312396
-1.167039611919232,-0.14799275490395133,-1.6208849604099889,-0.5057720142316912,-1.4256531654736566,-1.298564897133691,-0.5930813380395586,-6.133210860521313
0.8469619864599753,1.6257811441788175,1.6852791919360552,2.0181974761805437,1.2056522649423922,0.8629366064855039,1.0559892251243208,8.083000881370683
-0.5938298133635677,-0.8862612110951984,-1.047048688816186,-0.6989971325386195,-0.9097239876627262,-0.7885634545184304,-0.7877251844350739,1.094373059324857
1.589985440266331,1.7585487574876633,1.903496502533719,1.0778700668270764,1.9260698360450303,1.5488425277958322,1.5266212137303892,8.960511748384329
1.211952350740611,1.179405550225691,1.6183448442535842,1.4833932551079425,1.6289183061865964,1.450516235791831,1.9392700712869388,9.176454737398661
-0.4913209290767594,-0.017721009474535584,0.18399958640275896,-0.2602329483613542,-0.38529081573197144,0.27703185996888324,-0.011773533871984867,3.5915387175517575
-0.46272609398101106,-0.4165565624629418,-0.5273421785697281,-0.4826064483478635,-0.7670407726195457,-0.8090660287482773,-0.23263199465032228,1.4482868413845158
-0.034835132803805846,-0.49780831119885216,0.46282406090741696,-0.4629612749174569,-0.1350581506952535,0.24894424630337206,0.09186042052329457,2.5210430129338866
0.45221598190701917,0.7637454519906709,0.41589910933753305,0.9189241150357904,0.9370261702127087,0.3781292354721445,0.7718685854323151,5.715652573063189
1.4267799145072562,0.6544876720351707,0.8455236436179143,0.6677927697931372,0.8771505267243254,0.801148691883771,0.31832868340218795,8.258169880038352
0.13695901713427944,-0.1965532849066172,0.010543964138238614,0.7367611483165225,0.46934422521837427,0.011444067562516716,-0.2995728167941899,4.8691054640188804
0.8396753431449098,0.2323949963147979,-0.0999266153754424,0.3678800978648802,0.08017772874786586,-0.15156266700469218,-0.6777423963639725,5.252229532161229
-1.6680422220713473,-1.851597054407305,-1.6967202986679712,-1.585747935107191,-1.6248302255386124,-1.1429713147145286,-1.3294058448108186,-2.9635460404034544
-0.2580151088025785,-0.6856941763679243,0.12147728479627165,-0.11073671580186209,0.38323246638646813,0.038654000263317036,0.28295204586120865,5.485487161715815
0.0017581867603564472,-0.28123791553533334,-0.44516101052245577,-0.10268450547920963,-0.5327758269505039,-0.17535431473869462,-0.9682100507654792,2.9170336080329
-0.511610539258687,-0.5465317996570471,-1.0180896248790874,-0.47357702168913696,-0.39877942316902804,-0.49986872887455924,-0.2885813380333559,-1.3223433368180038
0.6489599012309986,0.8980004411584451,0.6526672211534318,1.4620271540013823,0.7433007615414073,0.7113912404964268,0.9337604107561855,5.1536315176089404
-1.1184527976385297,-1.1476831646692942,-1.2862784146056037,-0.7965422950414411,-1.3746323072064646,-1.6290245828342522,-0.7669892688284906,-2.236988695710426
0.3531020411728136,0.3136472545202039,-0.4432537195623134,0.06234370096290111,-0.14989754521372187,0.27602352915348516,0.6085580777809646,4.59307858521348
0.42471844141280407,1.2528638834229398,1.5924595881365313,1.5818641056145766,0.7082920026174742,0.9732553942642376,0.8516884565174045,7.105573104192378
0.363634636166882,0.38048501608453267,-0.13371282720851438,0.07144846010153634,0.06435330322808094,0.022466525315930398,-0.10677895478567245,1.9857357267133988
-0.05396600153624116,0.44555460280084663,0.08461535766023483,-0.019219202131133793,0.3010721705208297,-0.012190346719692647,0.4251880968385648,5.711653551017466
-0.4612254702504,-0.7697661236032446,-0.34092942926269226,0.10172212859170382,-0.6041220530780999,-0.5674008054953894,-0.5355665358380383,2.523675041389435
0.9290828144668873,0.986247949352811,1.1758719824966415,0.8875610929117694,1.132447876299977,1.0947504145616973,0.9231420747937976,9.143792195292942
-0.4463083707164773,-0.23130071413986833,-0.8345564034567585,-0.8151424668560592,-0.2182463953985228,0.008114253885919796,-0.7188517291782451,0.8256614442161584
-1.1068608168702079,-1.5923236520540438,-1.4708815255435965,-1.144001122682636,-1.723330896978413,-1.4124589271663779,-1.795887314750614,-0.5044220491318349
0.17556980253821794,0.6156477094491021,0.4096581879753587,0.18614961360687438,0.24785326207707667,0.10188788757542973,0.2877479041612284,4.305805832059521
-1.3426810257524229,-1.0213328137501543,-0.6744618371077292,-0.9399717897273981,-1.0788687854436665,0.009740559118991694,-1.3080562125686523,2.1384727264441215
1.8815469127514295,1.8206546394601941,1.5620589813076957,1.4023341101531546,1.1604179378938784,1.9650265294801879,2.2691208947101345,10.948443591479448
1.4677922218660535,1.8227359907792045,1.1618170272958968,1.505806962596553,1.2927411804166333,1.364733839380239,1.2831423166423286,9.090949001833398
0.1435893142560499,0.6458187180700768,0.08532793731506953,-0.2931924982749615,0.06743837282679647,0.3098171426629886,0.10228386734542373,2.018555215747022
0.839385990399633,1.1240251781243544,1.6528438823536828,1.3912141284325823,1.198055010064344,1.1611418142143153,1.8158527695877065,6.383627841653888
-1.5475228682549322,-1.6101922227314747,-1.3627975362774385,-1.5963192059932851,-2.243262546009672,-1.71518333117518,-2.1467169726592927,-2.5756667014680357
-0.7875390775943218,-0.769189761783922,-1.6315820249333821,-1.5506213195576992,-1.1467767003416556,-1.5322212151531822,-1.294989114467038,-1.3482372926030335
-0.23750794568857278,-0.4281696638378761,0.1392745481247173,-0.516482661570735,-0.07429072531931598,-0.05183324166899573,0.2551404601486032,2.3033042607477334
1.158154204444094,0.6244121309369581,0.7977561335858122,1.5825964848034455,0.9990018921246796,0.8193161865487175,1.0260315319521862,9.602839325659907
-1.5300205298584655,-0.7803757071929331,-1.241735398550648,-1.4080137322004616,-1.5512507652290646,-1.7399042622203011,-1.7975464294007508,-1.9851426728552206
0.8869648942665882,0.6830576823222236,0.6633773507376901,0.6846864400199494,0.8462396058674241,0.2135257048217058,0.32939615960451274,4.4700600502206385
-1.1323603812340837,-1.4460065727132614,-0.4259291029993255,-1.6196661582285672,-1.1391856584659221,-0.64284974264886,-0.772594522042858,-1.2833693058540534
0.13051629279647745,0.23832081852053932,0.10335142281929839,0.5895103005602524,0.24375440551733027,0.10944801755283551,0.06601124287352535,3.522221977204029
-0.343007419453583,0.006064699544655058,-0.1294831553996246,-0.10085846600091232,-0.32117191215132235,-0.8787117771647337,-0.12421876036278733,0.965216945620368
-0.5527632344788115,0.16091541826437786,-0.026654946921094515,-0.4415930254400361,-0.16159990592843415,-0.2957796246078616,0.10584730224559509,-0.4422292178287537
0.07007753019279916,-0.6140901714874702,0.04108953623606325,0.6079882408704803,0.40643733132881626,-0.6388223093996277,-0.015056781392381133,6.100083137179454
-0.608740617833576,-0.7175844787401521,-1.0358350870686224,-0.33058519630034966,-0.99412139162352,-0.8189264494969963,-0.5365333445571168,0.5485535190361108
0.6432932406522016,1.103565525346065,0.623984909717755,1.35070925906176,0.5686728185502686,0.7387617640100178,0.6637842089541457,5.43816513630167
-1.3227247043778005,-1.17318907059782,-0.903615387714068,-1.2690205874793972,-1.265990651851147,-1.0253865689519215,-1.049462879975531,-3.8849418182821998
-0.6609808479188224,-0.5189498378399867,0.20610811165350046,-0.45080443023475625,-0.49870968490476764,-0.3627759082795061,-0.5219356076849365,-0.23354372602213247
0.058194948417540075,-0.5278068224667586,0.03141734286160481,-0.9980387061118018,-0.15168381329149944,0.1804774746840085,-0.09643825296808849,4.018704455909134
-2.611301161494839,-2.1554275202740225,-1.8286839916713833,-2.229777299245984,-2.2621868373177483,-3.116347135055219,-2.9190207127540284,-10.587919058192442
-0.8057169349928587,-1.091928968338853,-1.0444106621535572,-1.0997736925638675,-1.1454038564504225,-1.0128155848132778,-0.6542877408309271,0.7031002844950545
0.6372502731190594,0.3783911826434824,0.024974488146919507,0.8257643782674002,0.6220960571504298,0.13068787753072633,0.41441807735114483,4.582358866596627
0.1389472700863414,0.4334587956647925,0.9077855425016884,0.9504315150006903,1.1634915042536425,0.6027015111210118,0.6010765155779162,10.346514118317701
-1.415369521948736,-1.523208274187,-1.9580388603656453,-1.9918737336541763,-2.074470903839423,-1.8723681051424945,-1.5746316868288777,-1.021465583626429
-1.3501937341448367,-1.7310371057560259,-2.4531204916590816,-1.975275071460709,-1.6473954178601875,-1.6427000490040604,-1.8143423599471384,-4.073463926505173
0.004693550313764751,-0.4904774709812759,0.015408344265792066,0.4555958161396127,0.12707296005275703,0.9782655385007513,-0.10261326813826385,5.720818561258667
0.5451714201016604,-0.41936011536095724,0.027282124793574145,0.023551716943624665,-0.2086058633341844,-0.23287528054685924,0.44900096692112423,5.894812422881939
-0.06428291031566796,-0.5337861124526319,-0.5788001758724085,-0.051957216011130965,-0.43869626767247843,-0.351441532791646,-0.001013536169824284,4.872939699941997
0.3241088482790503,0.1281629816686094,-0.020885389795802168,0.34004663761989173,0.5896790138769429,-0.1703136447505302,0.3250882387637531,1.1813172825591032
0.00472614686347422,0.992245875054248,0.8906929947374769,0.97889562510674,0.5673945070092117,0.6386809305832591,0.9286610670647027,0.9898135902335765
1.339188845313417,1.6425259667906884,1.0020284974924367,1.4948022125909024,1.7120968668094614,1.42419707642756,1.843717799242771,6.558390720368509
-0.438782401632276,0.36293532287367936,0.07644014536354667,-0.1310502208777627,-0.0464235660065237,-0.12732559957323228,0.5427647480503803,1.5166192812431527
0.9893694510130943,0.785072653422162,0.9301100530738066,1.2938737808704246,0.8679649303561353,0.9805217747706614,0.9522674366565834,8.195012247193599
-0.3962594688312639,-0.08864533217510391,-0.5659451499637588,0.1903957089639839,0.30111601964957,0.7544935823702983,-0.7717405078163511,5.069269234379157
0.010348284619112863,-0.9887268986607203,-0.36325027314052266,-0.9287289592181734,-0.5752269214526928,-0.7433588354870955,-0.5552293601902666,0.8131581796221474
0.6228408890059336,0.7080451615027111,0.8585749783346341,0.8767906914139955,1.2009799046060634,0.7160886898573677,0.36589572919787183,2.95862364113997
-0.1786304655646398,0.22555864744657747,1.1901510438822067,0.04510388797710104,0.2994028461989768,-0.1604359665691715,0.5320245985795207,4.435334180918175
0.5940250142805031,0.4964334975933019,1.0344129266446953,0.7017857136741337,0.3484370453589447,0.7077623757679623,1.149091586046198,4.583409889597481
-1.475009580914513,-1.6846573206373174,-1.502972329228511,-1.7820971151394176,-2.0160913102194287,-1.9169236358207604,-2.1607556452912227,-6.283019216044815
0.6208596517051325,0.9779765398275545,0.5311219612075686,0.9028718491488563,0.7112151449201974,0.7619755418355418,1.1588815627307942,5.056384600582329
-2.284692667424326,-2.16719818861803,-1.6489944407635242,-1.592032178886014,-2.1536345782033153,-1.8573079966881596,-2.1011971787059243,-3.2653717277851366
-0.4643301474917909,-0.3371898059358447,-0.2647120112930918,0.1235336543237361,-0.11669840259516824,-1.089361081834065,-0.7180216236896481,0.854427406214478
-0.2892634460356478,-0.550438354701069,0.16992711307130232,-0.20451631505445805,-0.06657619128850722,-0.293184434474844,-0.0670169708407896,2.1950044599731005
-0.7043205668531103,-1.337449782633976,-0.9625157479106403,-1.7768020221115388,-0.8928430076101025,-1.1626460266128693,-0.7929494638665701,-0.8042215908102344
0.8077327291937189,0.9051434263442094,0.923700720299305,1.2314851475975994,0.7743015773805539,0.9308749289372297,1.1153713277467512,5.930531747074188
1.3549264096009772,0.6769155339054205,1.1433892474823648,1.106768579997243,0.9704538533588631,0.5654334503762936,0.3560627607813865,6.488412525735969
-0.3931235517481587,-0.531981979974291,0.04053539035880444,-0.6293845393907606,-0.602788683680354,-0.10974583769589624,-0.4757894226184029,1.3149120034644968
-0.10940722424226855,-0.5880175510538217,0.13411956052028676,-0.12582371434963702,-0.34979191971401513,-0.03847456851741748,-0.2690225268043691,4.5828258460864895
0.4468182941992847,-0.14700964237183928,-0.22581940332873746,-0.45495701754446144,0.08314938279232946,-0.1520798502330832,-0.39599570252682303,4.319883913617534
-0.28192494437511023,-0.015301559108897,-0.3430730829771558,-0.5962803283906646,-0.738274094167794,-0.9509806164050125,-0.3484319128911451,0.13440255945573615
-0.15849084726384607,-0.030244914706661675,0.4535432281840056,0.0002872619056577135,-0.3367516426856358,0.2575391357484164,0.7018726089601266,1.4365947448853578
0.18376026393143832,0.005557233608595893,0.28730447873355336,0.15199732695665302,-0.14848472236252153,0.06827303095354549,0.057557015177264144,3.6313834068001816
-0.5262767871447275,-0.5985208153857986,-0.38792996838236,-0.8148070919801322,-0.9673771448940149,-0.604527124278563,-1.0456266402783347,-2.2798543161446188
-1.8230639163230757,-2.230380208576976,-1.4763074973404757,-1.7376372922693224,-1.7365472665481378,-1.548198074304198,-1.7513441750531074,-2.401569072358268
0.6948924132939795,1.1565902821786833,1.1402888017941895,1.4911911125523956,0.6661266831976838,0.8922223351795237,1.011280057895366,8.323455343069984
-1.382469347665445,-0.7612951161972189,-0.9755461413707763,-0.9230771630271869,-1.1628387945949408,-1.3194093594557783,-1.252141129604934,-4.890192103896142
2.78324603154951,2.3465029610798878,2.76624475973971,2.0526895218093935,3.0496482016758013,2.4787108600032273,2.6164488800505614,13.22853974289586
-0.43909559506346973,-1.3918454687954436,-0.8517184957844941,-0.28910870502139896,-1.1744718015691098,-1.2068768777020218,-1.0247394076357075,1.9676602332872135
-0.011596583767267276,0.1944040797518771,0.3488018072117366,0.43128312910785593,0.17673296181714687,-0.22570131678181476,0.7330411054432123,4.50061955253565
-1.8030718655052964,-1.5915324415376915,-1.7781034611484718,-1.7869573377878312,-1.770834588920115,-1.3533310493117647,-1.2616208434960787,-4.910827495034502
0.2077713352041434,0.4683501803747037,0.7309247720032765,0.018836546976159534,0.24600208176323818,0.8569866411533774,0.34456852697108853,3.6974845171538293
1.3031586531361905,1.5701901978438517,0.898166182046222,1.7226258539740178,1.6736052713289566,1.5365601264009683,1.0514943250066766,5.339666462493355
0.34966448771754083,0.4250568801115088,-0.17862413385341722,-0.06347578105330552,0.13051295479840663,0.1038908222927739,0.30478844188858073,3.0068272451049083
0.5362338049107999,-0.4611457082856136,-0.5728919172948937,-0.06256273478367967,-0.30418820683040315,0.49266621741200173,0.2292437085249713,7.922674985561225
-0.10648249629943608,0.24576701810776888,-0.13999988675075983,-0.5205907579180477,-0.4544620047627546,-0.09034703958441707,-0.7218383601781648,2.265513639535802
-0.9361601303027609,-1.1867945652395722,-1.0184903040481095,-1.307469769376054,-0.5429019475233057,-0.42337623626647475,-0.5876038937145877,-0.0009453600209704538
0.1480055932502568,-0.2363682536295846,0.20877588437124311,0.05836925252974014,0.31758096387338963,0.2107648052151173,0.17141141495167692,4.930776468371853
-1.3779730465336224,-1.2881430824884137,-1.0396333210857513,-1.3128676664857233,-1.4109591149313843,-1.5195678803594184,-1.4946216663260927,-2.3793634038458493
0.6914395322626544,0.5775353922663709,0.5547439670350405,0.495196536353818,0.6280540185992314,0.8298725692248716,0.32237294519504006,4.864538357212472
1.6387416508539951,1.5297893434675285,2.23600725290917,1.7101004325560536,1.604486826805183,1.9198326580714862,1.9567848140500186,11.94168526262065
-0.801908682601695,-0.6046547276039297,-0.5073535961433631,-1.0128509635719047,-1.474886869426508,-0.8540399881753558,-1.2331538694080446,-0.15215170676974865
1.0489076642822999,0.8231208188875675,0.5414079891404143,0.5588304944289472,0.5790627724552833,0.5095192922140137,0.4277999439542971,6.018175910900924
-1.2706380800613155,-1.1707997964129844,-0.5593764502786077,-0.7411501542057429,-0.2208524571055341,-1.0798850512619977,-0.2683403626074506,-2.3387920228467634
0.06909641207883788,0.7345318778707374,0.7219249625839832,0.16294637632461173,0.6722585398047936,0.08458510919971929,0.3043518666225996,5.052473231158531
0.47628155434064157,0.09659115341282605,0.9518154136315679,0.2713319349568307,1.0720409205998203,0.6887368842518099,0.2059502670753925,7.798098571756378
0.5587733719953732,0.5384729253019287,0.34701085291657957,0.5420386172745121,0.772640242854203,0.505573241038365,0.701020050885853,4.102310773078067
-0.5204674015611008,-0.5666380960555215,-0.6122360684130927,-0.5345884656750678,-0.48935056994851717,-0.3572298274635234,-0.5759231183225592,2.681789451540575
-1.3643786684857413,-1.4765684517551496,-1.1662589917106205,-1.6556346843065364,-1.7190565988954387,-1.6159412771495787,-1.7023548004417453,-3.3152901079937336
0.23367856805298176,0.543833657772865,0.06627374705048543,-0.636301498260149,0.097956681459501,0.376372514077913,0.036389647044333485,1.5908422541427918
-1.9467287816608814,-2.3879327315541765,-2.514815111888309,-2.3650359562040153,-2.0059161177822986,-2.019284603563883,-1.6950038134985486,-6.463286907592291
0.022562273200335332,0.8407215065661947,0.3573447035486267,-0.2516266775266929,-0.07205969166367618,0.4832197242434178,-0.2547281446186784,-0.018874114447087642
0.13830748006757487,1.2533366068219385,0.6924098589482957,1.4762262071288552,1.231713286762447,0.8321959002272523,0.5295093543773747,5.3024431206157345
0.41390339412452487,0.5798813907415276,0.344354261773873,0.31625742731643375,0.5482836750053922,-0.25675156978226477,1.1685246937499716,-0.018467082344849395
-0.0035018514168067916,-0.22069332762548033,0.11352482223569503,-0.1653627082012232,-0.1837917588984873,-0.00953861280655059,-0.18646526554996104,1.5740891216329622
-0.36914421810948495,-0.6924418612643299,0.03178119982504317,-0.4794092337017436,-0.7830916483391901,-0.34633754504771597,0.11460470209171182,-1.1265125889924288
0.45072841532539504,0.4731397599213102,0.6023969597896092,0.6038161916327565,1.610454028291146,-0.2148504200185711,0.8501563629864104,4.239836166349755
0.13609037675922597,-0.006722637858181267,0.09009760574170766,0.29165877146875896,0.014115231201419543,-0.13970523698267934,-0.018113182232781872,3.2784691313896777
0.08758162365617078,0.20822118988856086,0.4540292140406804,-0.02066853664492412,-0.667725221530667,0.2888518795383822,0.6622243271753475,2.518270004613845
-0.09585756325402407,-0.2240102158910545,0.24924126367410399,0.3158795086121461,-0.3523341459576481,-0.009944953115036567,0.24224905524706575,1.79084222043729
1.1356832648518784,1.4724210855010123,1.5771036398960243,1.551813123813881,1.2299991586372037,0.9671535361926328,1.2999971539809594,5.720206320820128
0.739827696834175,0.6535425499116834,0.7790702510268102,0.8427069519122778,0.6617428648533713,0.13890301277373873,0.4778227405307941,6.183547343542002
-1.0310239745482046,-1.0007519907394526,-1.1665091506657723,-1.1445525820395759,-1.0951156037452796,-0.6491605523241017,-1.075701560219769,-1.68579483523777
0.6675364643764987,1.0588268630405582,0.6045593168703064,0.6236467749712503,0.8530429586018339,1.156386056591428,0.339890142587786,6.385056354370436
-1.367133858071124,-0.9317446564118519,-0.6029530062196824,-1.2206809849270253,-0.8165187826410567,-0.5906905765345295,-0.7456977849882753,-2.5409624948585794
-0.33374626353862125,0.6306923729316681,0.2693166650539718,0.016841755458387685,0.5037185574169571,0.05278171942513059,0.6308671464492459,1.5280604417962467
0.36744902846573835,1.3245694598809046,1.5744324547651694,1.9294329802910637,1.3566590898658857,1.19323451368182,1.0145241518921047,8.680194338435069
-1.0567819571860502,-0.7774047142786612,0.008463452384582308,-0.7947179112827828,-0.588769273595952,-1.3172213142099123,-0.8758659867818162,0.35389368979533864
0.479174917304799,0.5714373918042014,0.3425742777389276,0.15538887813570526,0.6416974132091033,0.937206085772676,0.2791572007491088,4.617377291224181
1.1145880386619003,0.9539846215545109,0.7663198520230916,0.5906186739051568,0.6459402925439354,0.6783772468598104,0.7548583340439506,6.659310177673275
0.6364582945596248,1.0784878547994234,0.6327851905623411,0.4388997222652874,0.9129921347422594,1.0116962166866001,1.092626100665907,4.608533964386714
-0.194379327114663,-0.21264034650068528,-0.3421989079441409,-0.16736326126604226,-0.22320950755599103,-0.5010871959648587,-0.11651800157020248,1.5824223377847235
-0.1567886968692965,1.0263317949320716,1.0048544124222125,0.8027780667132767,0.6273659466334828,0.3197955014105376,0.27622996627986435,2.720277446040193
-0.02700474734611741,-0.21377552548107423,0.20137564121874402,-0.2692381934854879,0.15962328889723487,-0.18070996292994396,-0.2636806001233045,3.09036460348667
0.43061784169850087,0.06423245448621023,0.24846043467117362,0.15487762880972553,0.15553406393310554,0.8594555791972919,1.100064895411496,5.298025814409969
0.4426093142504211,0.7291156161286986,0.6873205671127103,0.6600774302924984,0.33751379983004387,0.4253129500401732,0.11917505231849047,3.3802275403430584
1.3931535196467855,1.4059406520185103,0.6977506192827652,1.1208153418273523,0.6564131690381869,1.292538080032818,1.055917790476319,5.690196652834775
-0.6240100008444527,-0.569824589363204,0.3115422815453827,-0.40701492948184853,-0.661306186682403,-0.05314556081196027,-0.5156554471009301,0.381671600676309
-0.706629073100872,-0.9142039139327863,-0.6184247996552077,-0.5492884009133592,-0.5584408293595166,-0.5823895553564584,-0.34355947103099377,-1.6152658927384165
-0.8586171087973871,-0.020588375998163638,-0.778016143331148,-1.413481603001112,-1.1066207401549841,-0.47580714067968305,-0.3054138200078534,-4.0530437950172775
-0.7558640553180697,-0.37022281136480334,-1.104282927311535,-0.7048414520172391,-0.6550140354453993,-0.7729001802430054,-0.8884508929520283,-0.7380196550407558
-0.473772121206227,-0.8693781316680357,-0.5845347679744477,-0.6193002641512513,-0.5935616961139057,-0.9328027274076677,-0.7148978943508895,-0.3511692852640995
0.5782886692579767,0.46491399004427664,0.49100499449729923,0.29217308095168787,0.32344186200415415,0.45113916076726324,1.2383156387326535,5.173851370610112
-0.09432415006564165,-0.05557137040244197,-0.20748212059963678,0.00713277888874936,-0.774765211295389,0.20060794066335372,-0.23582219928184603,2.751621237925198
1.5197041242696312,1.4437962777923068,1.2026255908877033,1.9910743801744566,1.4979896784575375,1.4218000584219346,1.921333044722362,5.820442699251672
0.2657389024751241,0.5094901989194093,0.4847320296210873,0.42133031949140115,-0.06754344331029608,0.21340734195364242,0.6841391589881454,4.455912845587448
-0.6274560684005145,-1.0277519050404798,-1.2406072744418635,-1.5963354036634372,-1.2374314043069345,-0.7981497354803371,-1.1036052072424607,0.6882975138939058
-0.966308551822487,-1.4837818873296633,-0.28788670300250496,-1.0922565948811205,-1.0603752270203939,-0.8060634657016031,-0.9118341530218004,-0.5560262190703475
0.4158054569286604,0.10914111462731205,-0.35857175285482407,-0.47535839207479214,-0.3534115552422789,-0.34617118657611085,-0.22795414593450508,3.126379477918202
2.563887927341513,1.587884321706368,2.2637389563313066,1.8905720795320657,2.143227576624038,2.488289181702522,1.8670115201434354,12.99286459115714
0.15073557834802662,-0.5111757979466012,-0.35041916464627415,-0.7742696416188665,-0.6094173071191984,-0.22407827943539832,-0.7748265481212304,3.305094747397994
0.7562131844811741,0.3414294325988999,0.1714775533007547,1.0689309347393885,0.6469056332621211,0.36982347487133593,0.9388714214845187,3.661108217743785
-0.017202116687738935,-0.30716530552124227,-0.9125395951816235,-0.47512337204710575,-0.5270647806640146,-0.5211464411369581,-0.40170598065140023,-1.4189714980200736
-0.9760302718777917,-0.2072397167673461,-0.835024927074006,-1.083898833441596,-0.9742578457965846,-0.8790960456186615,-0.9501547861071783,-2.651083594226053
0.13129049366862336,0.7133873621741486,0.13667769821760564,0.2357717592066112,0.09659350414960538,0.3330583778291814,0.006633039480178073,2.7544073992547027
-1.5331861203947363,-1.8158673731497887,-0.9101062241349415,-1.2925153576487929,-1.4563728578752808,-0.7449468264062086,-1.7488059397841151,-0.9085058355181638
-1.208081132522352,-0.5854299174424571,-0.90364348517682,-0.8447042738086014,-1.0795928853336725,-0.8193275481955822,-0.5336248594864773,-3.8978607818220365
0.06984413713603244,-0.530838234952956,-0.32647910197241614,0.04833261218612819,0.36426524609271405,-0.667261935412632,0.3333560292975027,2.1250522393598565
1.216654342949878,1.3180595710118828,0.7999017296185431,1.6801890031625326,1.5429393832371492,1.0291518437642917,1.317265993531126,7.7702152982899095
1.303977694158359,1.2771821030361081,1.2567549074648816,0.8436261309476862,0.6132268229326648,1.3402270630878963,1.7476255378426635,7.170299828071417
-0.02477974684292503,-0.20673591572853536,-0.8908987032889703,-0.1469184293671852,-0.255784684386671,-0.26860463465501627,-0.9123359690414277,2.5051495238154984
0.4582207318277424,0.15815093682623146,0.49184570832009306,0.4673724662581967,0.421793705727262,0.6351536095971967,0.7420797277538704,4.463991623423175
1.2371475379411847,0.9761902740024694,0.6240759170122667,1.312956711447771,1.0686361337049275,1.40903752209679,0.6396877529501527,10.092652616228236
-1.4290428309820888,-1.2187066871270154,-1.1243662258333413,-0.8807067530443078,-0.9588672194286825,-1.0363025371521326,-1.3445165851380618,-3.289725724740119
-0.8509480287805771,-1.2599071211775565,-1.6706221780217736,-1.375894080799437,-1.7314662400584728,-1.4780997239941431,-1.153382677007581,-1.5091735185825845
0.010280831769682669,-0.6207856854787459,-0.9152899581105354,-0.42272019064499916,-0.03417700357228801,-0.5994024140373702,-0.21836211265003352,3.7160902064900743
0.34503445899964436,-0.16206709136183095,-0.23284281841665896,-0.04909317733570064,-0.7275275234022937,-1.0654366272144424,0.2172726891202908,2.4429735421981844
0.8322009640804899,0.438355674166818,0.3284091982244885,0.27956159191111274,0.2474948552211012,-0.06321399268704922,0.08350998194143067,4.5758856187229595
0.4267529174899941,1.0923571598994954,0.7436398594837801,0.4413468961643375,0.7626241152459587,0.4844748720004039,0.1802527191927639,3.5354866464120818
0.20113832658521755,-0.16183281221368503,0.1791157881730581,-0.20492711017550813,0.2906381120371648,0.020692950726301066,-0.28736953303658624,5.776790767917968
-0.3759259506515804,0.17410209694608364,0.3433734058433659,0.278394272200354,0.1461000865330994,0.06021750000529168,-0.14702755520149272,0.5133980476634434
-0.20007590586620996,-0.5389832100080992,-0.06841808413553024,0.5195335492350687,0.04749064222474155,0.0951382299139271,0.09803907875398583,2.4461440720604783
-1.189267900392191,-0.8574292646123329,-0.6556326814388523,-1.208682880123143,-1.1651502479555755,-0.9807333898307973,-1.2866541710693473,-1.9328565337164385
-1.0535281727035688,-1.0969593978313086,-0.5045486868450516,-0.2728060680686164,-0.7623263304681581,-0.5956600291863171,-0.28949233959131293,2.30147527063684
-0.6921159442311143,0.06048796935860891,-0.6816496850126406,-0.752934030684706,0.22357109465771943,-0.3333129771523146,-0.5592742037086934,0.3134644262716022
0.012460963441399549,0.764369962596925,0.5856874126904532,0.734505018462359,0.4213650673311772,0.8705417408501113,0.1973391649822314,2.87200447761529
-0.15265518976448803,-0.47446497959142464,-0.6738966304896341,-0.572832289748909,-0.88038501260459,-0.5940356527775492,-0.010302703873639026,0.4159615496322292
0.6413046985860049,0.9386859783792373,0.753589962166595,1.1055307774911447,0.9528080075504902,1.0021135942801955,1.0566755317529068,5.020776368799276
1.144359324886253,0.6408790264635446,0.2947825000054438,0.7263274962981932,0.8737704546920507,1.020111125446614,1.4859214882654335,5.504340447006179
-0.3446307038174128,-0.08602702490323869,0.11440750396845752,-0.052034685366844344,0.4551620077203757,0.37182109901826665,0.099775515530418,4.572737271102435
-0.32912463241524104,0.24125562977545884,-0.407492600878835,0.3472583514950804,-0.1557090357297427,-0.2521219936460353,-0.6275773632081015,-0.5426042024759776
-1.1120205685323052,-0.3100998647491503,-0.8383067888377347,-0.46716450468445714,-1.3256432425159463,-0.7251113190651117,-0.6525582141000364,0.5179020184808056
-0.09814344906846742,0.002630006313084832,0.04352967963231854,-0.55458232996471,-0.6794452742972582,-0.3873176694386809,-0.1438651548503965,2.780828119917854
0.20661075647281013,0.591584792334772,0.24400637778515646,0.10301574114712253,0.3463649810360708,0.3165338159266298,-0.27273993655354195,5.302088187140328
0.48473862063557355,0.20101376903948245,0.3916524959115303,0.17097777126033417,0.34596030279137546,0.531060930185801,0.11066862966476305,4.654481217291137
0.3675536946127937,-0.44774810591890907,0.29747069509158564,-0.09031179752757255,0.8228254710264401,-0.09927661018249319,0.02946957596344579,5.0265042617202695
-0.8067427353099312,-0.7674015722246508,-0.8048722049841615,-0.41898380141849606,-0.751780606780631,-0.4956317249918252,-0.5709949593879305,-1.8059368364798174
0.6325144251115572,0.6242672134518235,1.2474491063166038,0.7489880729721792,1.2262285033149412,0.7318421625611727,0.921039734806457,5.832890535057784
-0.08262166591585607,-0.6400716581484133,-0.12736822237106735,-0.026769079188609164,-0.10684248650450259,-0.37988690186382995,-0.23884139217016764,4.055737339617183
-0.5712999974630826,-0.5536168003549097,-0.9558600675670236,-0.966428938546473,-0.7016000509190412,-0.9212716371527329,-1.1474275951501922,1.6626714431521332
-2.4904075754856816,-1.7670357925821893,-2.2798472940528374,-2.364395601315329,-2.049023449383766,-2.194118037784056,-2.6772332419673854,-8.775048483176406
1.4828177591893228,1.219213174061025,1.1453441864366294,1.8675098387170221,1.4292302006535405,1.1895827020436587,0.6259658502197666,8.893435732121558
-0.9352634766155076,-0.9676773136841577,-0.7200776601021904,-0.9398169711857848,-1.2058724146306956,-0.4276311452755533,-0.5571236131372395,-0.2936315223599351
0.8941677774471616,0.71098013590412,0.42115110030176367,0.33508326855465304,0.27330886507632823,0.6293419865187081,0.03657609558567686,3.690483476313852
-0.1580928490443714,-0.549164906997667,-0.6608940924643973,-0.1746065249486317,-0.49788969533870403,-0.2427243824411555,0.007313850139289617,2.9293793252777025
-2.4554687549144742,-2.8040031710842817,-2.841654713413705,-3.3458887473819487,-2.4506457278669576,-2.8007939423945603,-3.0406603039864097,-8.562199895685229
0.20705512041018606,0.0513766470173371,0.2841525567060383,0.17292871607466764,-0.2558636227767732,0.6383593182789625,0.6084818322868064,4.0150702339649955
0.7064601830740606,-0.26153505832131596,-0.2612756515030732,-0.3275026207719618,-0.08927326763341253,-0.6189516048087292,-0.3206611031801182,3.234855357570729
0.02183415199936244,-0.9056587074740351,-0.40646765595715145,-0.7784880403336045,-0.8508351381399888,-0.285569627448471,-0.8566360500224545,2.1360849002297098
0.31268552431668084,0.2535959698665727,0.5428218682194262,0.6288172893363582,-0.0727252721232685,0.4777705398007904,0.65058711534562,4.693995853041055
1.139824772779523,1.2673540883373875,1.057204518801303,1.899330244372199,0.9059155589296208,1.400402843726934,0.7534939887241505,8.059136076097106
-0.36519579231698784,-1.4242520183259202,-1.1427036486762128,-1.358237108849936,-0.20376678656295613,-0.9960048828861022,-1.3462443628252618,0.9815235996518361
-1.2828711065268217,-0.29274023601834437,-0.6633975909604328,-0.11865071117647599,-0.2542526632311732,-0.4267709767764232,-0.5397389983590104,-2.053400950027162
0.9596438988169329,1.0826865784571271,1.052841604463662,0.4267092384834458,0.7837877778427687,1.040366378030118,0.8480908614603556,6.8931180810814
0.2355351126624233,-0.22181211156143385,0.9700385851259122,-0.162722197876829,0.4320082273975554,0.34959964181734543,-0.0322660392768957,8.26538383297332
-1.1081708549911182,-1.4064525438807631,-1.2095140249840242,-1.0758332161557689,-1.6863772098465433,-1.6058436858104836,-1.7079570037329281,-1.397449343165122
-0.8489423054278841,-1.2447021367254691,-1.530106929989572,-1.4752556310402036,-1.0019099658211623,-0.9715354228151121,-1.1172369972257008,0.4197603650079196
-1.3171013842523014,-1.2011556619561103,-1.7799334100519308,-0.7575776889441296,-1.000222068276654,-0.9785135793540635,-1.2480163879576815,-4.052258331656615
0.14932129137770878,-0.6447159688296474,-0.5789479957755026,-0.41344300608617574,0.2529093626633542,-0.05606916355292658,-0.12323547650689892,3.8735579010358645
0.5429648845138623,0.5996345951511104,0.7287665477926109,0.010463911471632687,1.2300589752697104,0.39433493126771063,0.6726947971245129,3.2505539746337586
1.0288448885738486,1.1871704193243324,0.9256156355699203,1.3548925060630703,1.1281932312992597,1.0633957062354895,0.9267365985745956,4.92494539888798
-0.011022564552374183,-0.45546486119207147,-0.08792904209623985,-0.4641478943182622,-0.6694863298150431,-0.8558937397843976,-0.5167614519128154,0.9495393033609938
1.2342221811788203,0.8317741801585784,0.7853122589235895,0.6136381497108013,0.6685566939244386,0.6148643669387076,1.015134839356993,8.355476670579304
-0.09750564108952818,-0.5317849263609635,0.11625746253510333,0.21730357430820615,-0.43998848217015313,-0.5605775964458656,-0.024236808360585452,4.407929452317607
0.14921962398766725,-0.6519739404663824,-0.7915331751642461,-0.5278890505696349,-0.44486773602134944,-0.12331765998923523,-0.27307531111380823,3.322700545022591
-0.05723438342523497,0.5308910333609014,0.9333550347761354,0.28194218714847313,0.07778971183292169,0.33711361625417485,0.37605732483201687,1.2291642859178462
-1.1780177568576842,-0.8976572060195962,-1.0677904918376482,-1.0475931335951425,-0.6455168567931963,-1.3250270914685043,-0.7363621043380425,-2.5379510880348595
0.8620338271860738,1.4149750175037845,0.66433363524026,1.1592768141637104,1.3502036801846387,1.0436318924087216,1.3741292447960465,6.063960570778425
1.3402145668276617,0.9295093156316487,1.1364629484351099,1.1794326822789747,1.3666742746916536,0.9743351435600419,1.3229949824796106,8.466769042195558
0.38976476328669435,1.173260654906325,0.8251434783212177,0.7657649231142452,1.3063470196153786,0.9434873861658071,1.3467708845124637,1.8253014365387656
0.1923583022301283,-0.15106540768728946,0.46481167916518773,0.5955445122185985,0.3008027541711847,0.22419186023271673,0.39503146461097643,3.661713484362722
-0.544315883005709,-0.6416271671314251,-0.7907733037739237,-0.9370693678922491,-0.6525911196141911,-0.5697684596968654,-0.9292533955144072,0.46896821576440173
-1.0519395539416623,-1.0957691436454837,-1.2997007107978926,-1.4565575072020374,-1.1604806943952688,-1.5292885987383766,-1.9868027486142577,-1.06132624201082
-1.624387098918527,-2.0260868695372967,-1.880467496320854,-1.696009734889005,-2.1338068289028906,-2.016053081773585,-2.0918788456077477,-6.948239742461731
-1.7345204781921633,-2.0506966861918348,-1.2556880217654143,-1.162804206596507,-1.9091962380809078,-1.3599816553120365,-0.9914764121347365,-2.625839228464789
-0.33893082101998995,-0.9070013008902894,-0.7980846588278316,-0.3029111650306793,-0.17711812661848167,-0.6598286289105162,-1.0028257303752623,2.423493925840702
-0.8421544956995716,-1.5662396261404423,-1.6625137953962572,-1.0406493049955405,-1.3954456516335156,-1.5932389604842794,-1.8169464986018056,0.3450083545843332
-0.683619478845179,-1.402582673870994,-1.5572288979836784,-1.0559781217106659,-0.7176956177259299,-1.5743281189806073,-1.2471551135722092,0.2940979094287204
0.12767400131311984,-0.255448481522287,-0.4061881788269282,-0.24228946177926688,-0.4501896627402855,-0.7050692914607823,-0.3598519784852073,2.9407894805987254
2.331884286829302,2.860873435065462,2.2189354111002078,2.1187269517885063,2.6563090243263416,2.1713568385917346,2.572968466084475,9.622043672445216
-1.6404684495639739,-1.6975262890601308,-1.3983189262941569,-1.5027917514957754,-1.5359841272907453,-1.3239367704719773,-1.4296354861183305,-5.540995501106776
1.263386214224659,1.0912365698553352,0.7559621565152618,1.1047710788019471,1.3226779071709904,0.8375552644614029,1.191936057999712,6.478948634767615
-0.7942396580003682,-1.0119387036031584,-0.8718139591751483,-0.752873390494103,-0.7566991119534259,-0.7375206760899415,-0.5657068475591149,1.6012270190718998
-0.28436058353146815,0.2416548486675433,0.17759232668026426,0.14018933561994185,0.2732331574079385,0.4127918847533671,0.22209803842632742,4.86989964430426
-0.20240139220314093,-0.6041256015644854,-0.6761824328384077,-0.8284749040393257,-0.4694536767373228,-0.1203167750206778,-0.30808164354402895,2.973502562698492
0.35679295775792735,0.7314247595070347,0.6641776999728414,0.9524228140096097,0.9333189883512207,0.8991093610362836,0.61655285277227,6.162117091449302
0.8768886181662291,1.0629894422153252,0.9188393919952725,0.7150646810932155,0.4531102598403539,1.327933260535224,0.8478257995085707,7.147935998342849
0.6126601061059822,-0.28287663764725174,-0.8795183990868319,-0.27349286892198055,-0.2028332189274594,-0.15648369033723367,-0.04791122161934919,2.629829429011019
1.064552777013951,0.5740643621597467,1.2565184040026791,0.4473966104524873,0.7057939123892317,0.804030898918185,0.723520657100736,7.351193868083486
-1.5139004560701574,-1.7513585463551713,-2.3022517860864022,-1.3898702141689028,-1.8261431826393384,-1.7123561691295233,-1.7699374425306311,-1.2459494178779043
-0.8224412187290189,-0.8871653716619357,-0.49524584806018523,-0.909875800165326,-0.3028091879263944,-0.9195948050733529,-1.3197468931562657,-0.8022120206872012
-1.0170617853902808,-0.9695076498807061,-1.0523970935433278,-1.0299760273569287,-0.2629075183194862,-0.7397772448197565,-1.2966892998034794,2.2043330417098677
0.8441742632876488,-0.16435235758992495,0.46388546429366034,0.9082357799506577,-0.30891727673181224,0.018038804602030604,0.24583638819790646,5.906992948054423
-1.754110268947005,-1.5283685109965501,-1.6488095358780235,-1.453053147542713,-1.3076855294918455,-1.1478427472383632,-1.04566622906714,-1.4307186752753729
0.35498323590744596,0.2486900544990445,0.7578013390063504,0.3700557910399384,0.7460201374456161,0.2772310875900834,0.8537176754854968,2.726254044331684
0.6189710583635654,0.3530021350828531,0.8581998058336685,0.870461273321099,0.4909023645076932,0.6131144707360967,1.0005811976126446,6.981804940193174
-0.5318763336807527,-0.3891218754003104,-0.5872772562608312,-1.1496680326221738,-0.7159240625145127,-0.6581003910008647,-0.5285621772120869,-1.334012889723585
0.7435846469897697,0.4010588243272389,0.3657001156686611,0.43783320726238445,0.8466879871397595,1.1953058858776522,0.27550866505040206,4.82670840726249
0.7240646559628178,0.7006485575094294,0.33508844681570016,-0.0414179832242946,0.5462162294210832,1.0134795834937984,1.191556201494836,5.205005198510748
2.4808110992397077,2.7565164325622957,2.900255205092882,2.761821707728124,2.3696420003202348,2.748540553296966,2.372232798695758,15.091338335693584
2.2621192522287,2.5749912135539113,1.296644584945594,2.5929863704726857,2.682361632681651,1.3976226155566582,1.4537527907856331,8.803252172723196
0.3589736887257425,-0.19231437437858676,0.36801457645999247,0.23627633089182093,0.25169422360334975,0.48328395066211877,0.4180383977048075,3.1838608708751455
-0.8395402007004131,-0.5783045293010713,-0.9047067841319082,-0.7503788129912241,-0.2767227473034028,-0.6479582979816735,-1.0262253173077838,-0.27356178537156917
0.9208246789150473,0.7310532967597004,0.9902022933008436,0.9906659732495241,0.25971029284765856,0.46353254015893786,0.536506101051143,6.285387986441453
-1.44954299602099,-1.1664532367707585,-1.218734501160722,-1.2028402715536832,-1.2446859878221925,-1.3738573436689816,-1.017518618188826,-2.0973818178515646
0.17399780539567863,-0.1143189680626876,0.010908977696160022,0.7005171255708327,0.01399000770809359,-0.2012911467036854,0.19414975281518826,5.207818443568712
-0.6569618075542569,-1.0301659466678137,-1.4741605902903552,-0.7189467062464534,-1.0258050304767388,-0.9868190262185075,-0.5012352157716004,-0.8636450636639182
-1.0894795307565177,-0.8670364714633796,-1.2875251621744472,-0.7470814687123334,-0.8923100877844784,-0.9889894717458795,-0.7979034859587838,1.1064196130150696
2.8053554371485787,3.3532162792112774,3.0817101012144024,2.796779985783248,2.925009579589449,2.8500644077731105,2.2083754155265507,14.44116612776377
1.4189133005419352,0.6123544154940019,0.4556107708540635,1.2086358697377704,1.042802592858044,0.6743953877671378,0.9386518346824945,7.31498525907236
0.42705426368404625,0.5201630168575181,0.8588371291356646,0.7200159928223026,0.43700257767187284,0.8673500654692126,0.24303850631213073,3.6700079720542442
1.819894419577713,1.9188847091617232,2.3379022159698972,1.0461150054048596,1.5927333237840957,1.9993107708777778,1.4709676011835155,10.109784452846949
0.2688554661740217,0.21880793976567775,-0.057182295784585835,-0.29163239399833446,-0.17415993074733988,-0.19426564041877667,-0.4782629034808698,2.4280848920347333
-0.6158667807992707,-1.0420579052109646,-0.7005262931244385,-0.9849993969740173,-0.4246211465952026,-0.2606324376758721,-0.8740709368022352,3.15645382842538
-1.8620492465504264,-2.309801374206332,-2.6413231645131026,-2.22976745074922,-2.4983005497562605,-2.371227334113667,-2.2295586511594165,-5.002457184956527
-0.6100088389449217,-0.24220697855044862,-0.364253259800699,-0.25286806042677196,-0.6009262777368285,0.17657455511407713,0.16847888374511993,-0.6510381033415615
-1.6420325643826634,-1.951973824557352,-1.396686190068205,-2.1216189108978902,-2.1267608678722443,-1.4061789598000132,-1.9895711262479538,-2.4864145891996015
0.47768683483547786,-0.4922225911663139,0.2720697066968157,-0.39967096950725034,0.2837342539261519,0.42015325321933933,0.06498276123629408,6.820870455138698
2.575972928708836,3.128284282582988,2.699774022318635,2.8926164830455305,2.3496504054720972,2.6095296179581764,2.7005832828242937,14.853600997119555
1.674067781380251,1.141654848553935,1.9232510801208014,2.115801084328888,1.6594994429112064,2.102965054211472,1.8974658291257505,13.11796006316749
0.762179623275697,0.6954541327351212,0.5255203637258575,0.5783545242873098,0.7596548031490039,0.7478851144631636,0.3367925113978518,7.1541099719248695
0.86005881525464,1.115712095381208,0.9942157579900567,0.8643333787193925,0.7174788062882298,0.8018058606578631,1.090234114638548,5.914804184820679
2.299460910252028,1.8045985275700203,1.5510421237500887,2.3006754296113763,2.1125981448755375,2.004848071429479,1.6476081887349063,12.694879273795967
0.046445789665717004,-0.1086222335818692,0.2961415296305713,0.38412758755820053,0.24029814115739134,0.1719896728536235,0.9009567890982859,5.596027578764472
0.4712839237258448,0.5510373299130087,-0.035094273477318846,0.37826003678624626,0.2616381906574977,0.6366086005879208,0.38466807018294147,2.264135767590507
-1.6726495259127165,-1.678515074564687,-1.1228639081888792,-1.8638085818427543,-2.07282691284474,-1.7361266282250556,-1.5994681707404306,-4.043914905933298
-1.7749637278464732,-1.6161496581267834,-1.4550486839679742,-1.1143876245833553,-1.6665047626715448,-1.9646631693876584,-1.330757865349876,-5.173478208222935
-1.1068346655285854,-1.1984972953145192,-1.1091813944983704,-1.632662344518453,-0.848781458301595,-0.7658938202377613,-1.3736438154706987,-0.2898901918568997
-1.7367831449570577,-1.0552157181466248,-1.294105191859906,-1.3537619287248372,-0.6126221909884625,-1.2376880252020956,-0.8687368667852505,-1.7878994060119942
1.200619079732676,0.5410982914087517,0.9645839658006976,0.9881018881967099,0.5796930248238122,0.5904487337419094,0.9176657421303981,6.613245207766024
-0.3351491229022184,-0.7305093886404088,-1.3654875372302762,-0.8031628985876693,-0.804528985352655,-1.0790851356815923,-0.6085506946263596,-3.984434532413698
-0.97828544305856,-0.14411015869158572,-0.6595711843253704,-0.46627141983669756,-0.29348653038293226,0.021401360538495926,-0.49569153113868336,-0.7368061491846971
-0.29733093953946144,-0.31923735179015084,-0.2962515668113377,0.18469250381252242,0.011224158924908372,-0.22688785170765857,-0.739392283519132,4.1766175056404995
-0.5745046332036607,-0.4462317870704308,0.03891858706389644,-0.6837201705371974,-0.9680809599191035,-0.2867045965029721,-0.3674669868492699,2.01625617226984
0.36733761785628927,0.41132585033182584,0.19649629701410845,0.17485439969634195,1.0151613930872923,0.13601953506658834,0.4530438289314252,4.590395280824835
-1.2088213622441613,-0.7959564523157487,-1.4995372059674994,-0.5287344284305824,-0.6918720517794724,-0.8417605490126069,-0.8023072006257083,-2.278715743129891
0.702960428789616,0.27487221173725723,0.49660493111496845,0.49924438543713856,0.5058449266819878,0.6829316947294397,0.8723889884175774,4.00605412574782
-0.9131832012729199,-0.9713237071602336,-1.1218912046408775,-0.9879726729333071,-0.7238222451274507,0.2413332026276888,-1.158772979318784,1.9129483351280796
0.28437169585229777,-0.37831889413447056,-0.35553337459626144,-0.07920955777929642,0.01995322566172675,-0.1741523207963372,-0.04941233378226238,2.433809603565845
0.5908988712050158,0.9709645636926588,1.124785133114521,1.3099781957512493,1.1855851696701798,1.4225479412821898,1.1217129303542244,10.34479622528528
-0.9672113408840679,-0.6297955880555284,-0.9841620018084065,-0.49735351136669154,-0.5745837728021326,-0.3378884979944131,-0.08016748608392828,0.2544799144241776
-0.7816166359924835,-1.1364746822538387,-0.9708943596981874,-0.7538724643979707,-1.3484407361271842,-0.8647194694341865,-0.672021231209751,-1.0484155292794732
-1.6226567919412864,-0.9890278040707862,-1.350910336068442,-0.7748372618687009,-1.0592276135906424,-1.702367118603164,-1.4068837500080043,-4.532777876080298
-2.3625034085299648,-2.2124370867233063,-2.8023865581578176,-2.36211600475744,-1.5735817203305633,-1.7116060888442768,-2.2471042214575134,-6.097071787150113
-0.3639375399403558,-0.5713946980205904,-0.7072022132657868,-0.024582746138728236,-0.21769519958698513,-0.5330549134638964,-0.5091923909574011,1.3391095744044652
0.9818590143355045,1.217487873554776,0.3164070272433517,0.96417025874959,0.7570436610529685,0.29124904940205604,0.6434092915184867,6.4544535669934175
-1.2411266353784633,-1.3703411101729517,-1.8792615759050562,-1.6690438428854475,-1.4798916352971634,-1.7456621776335353,-0.8101359480034331,-3.7382712214096827
1.225898476089036,0.7923466710677269,0.733205728488391,1.476740177101183,0.8110346074454586,0.84879698882371,1.1408635834648533,6.482421868337802
-0.9666941881714876,-0.6374007431527152,-1.5285725405343056,-1.6261575862340754,-1.6542658365132377,-1.0005639527927257,-0.9503946443053842,-0.2316688190805234
1.2798237165605832,1.0721182256104078,1.3269053694727428,1.0039864565000143,1.4085597289232823,0.8972990795489135,1.581755359469086,7.682184323307013
-3.2312337577264256,-2.933092103324792,-2.5955037657687097,-2.4634470895231244,-2.52133019168302,-2.9533333947532223,-2.501085110537359,-7.670526895514238
-0.7629002803466498,-0.0958384543050741,0.13777619864391127,-0.08645780322854597,-0.08039408925326232,-0.49602957915038265,-0.1488930146899094,-0.23093235156404157
-0.3995509652322247,-0.010768477981694603,-0.09328330757807715,0.22885315811834997,0.057663073772904465,-0.1657628575423671,-0.6083546067396236,2.842357321594899
1.208324832380379,0.9895816971874085,0.8831279715303668,1.1726894723966041,0.22141586287504464,0.8176632381238377,0.762034421389483,7.50791385013277
-0.681303251864778,-0.12100326554516944,-0.8118974469760402,-0.5000767361816658,-0.5798505404899729,-0.5980409464796145,-1.0349634427639212,-3.1567767951711145
-1.0796059922321115,-1.685253027707993,-0.9931226420761949,-0.8819905887952014,-1.3664218849751666,-0.7895825954324881,-1.0364911334734161,3.3179724512525492
-1.2952102947610982,-0.8538680116445932,-0.9857368792147441,-0.5858322416375631,-0.8659393005511685,-0.92179971072805,-0.3579767904421935,0.018267864015475643
-2.0847311923852025,-0.7055712454442925,-1.5240801036473968,-1.2236879027220335,-1.7029794703828007,-1.3617624187737392,-0.8918154496123262,-6.615301708560145
0.5664110443562936,0.6660016730651803,1.074880853338061,1.1320100064907004,0.6381797261860943,0.965682037340811,1.285377149311151,4.627133932474319
-0.7418489827162102,-1.445776285717111,-1.1231803392217157,-0.659033942451395,-0.7983086589346553,-1.3538695944453276,-1.2460882798218653,0.8363767919184144
0.1809527765318865,-0.7998898509761386,-0.5443924392039861,-0.5576409848002357,-0.28140864786470104,-0.2872647874969122,-0.718810912883134,3.8544126411638637
-0.39346291134050326,-0.9289987621214243,-1.1692373880084237,-1.6512606946694548,-1.401763557880981,-1.126158784701708,-0.8380268913674795,-0.3055506370693397
-0.4550510404338062,-0.9885822493295229,-0.2820422347831007,-0.5718663566855269,0.006429559962677225,-0.39616470134868575,-0.493153852509738,2.8874181996267447
-1.3521059808607772,-1.4862390160079697,-1.7043123928635486,-1.8385186652553014,-1.7313051996076347,-1.640497208573754,-0.8882593101874818,-3.1662799385524183
-1.5109307395499432,-1.3066234256533626,-2.1759588478872107,-1.9087154172961693,-1.3382975822742467,-1.9549241027041144,-1.8280962348337306,-2.7144366657223675
0.7375984836217077,0.31621987328047746,0.08142097002497597,0.17704309294404916,0.04008891853920432,0.13407501878074288,0.41701979069416983,5.295538017182387
-0.2476259002759094,-0.30962815135071603,0.18754352207719632,-0.22747257592888934,-0.48045444407978133,0.365551198595815,0.1956563015799553,1.5779970038739908
0.6087928660767256,0.9038278019496127,1.6794219756852764,0.49698561573115435,1.4380561614187812,1.4953862845845558,1.0971062471037152,9.545964398772067
-0.05271266556720686,0.23102433280600568,0.19580457725519743,-0.6661018565182364,-0.46597042765966123,-0.3771748587470415,-0.05460037058222379,3.854853147212415
1.309124575804327,2.2513524015105646,1.3192572350254257,1.3489372063120246,1.8989042463043282,1.491666255389192,1.6432642210339723,11.647387217152229
-1.0761468890095685,-1.0386780431584601,-1.2819074359436293,-0.80680003540975,-1.5522025252120155,-1.1891787496781576,-1.0237616698573737,-3.5329529643813276
-0.7831690015117267,-0.28465170029136233,-0.9210183744317261,-1.3652777585095461,-0.6339746634644071,-0.708388735269514,-1.0706917888030598,-0.908756862129493
1.4732793261551216,1.5164692171993046,1.5945104676237833,1.7429058262067958,0.7023804529155532,0.9482159580169024,1.2990444211901744,5.002325960409559
-0.2158551982537907,-0.400458662018333,-0.398925993288994,-0.5348890841654366,0.37731241249747155,-0.3462516028105564,0.21065412237321252,2.6261097876598467
-2.1547750520031697,-1.8097947139893154,-1.856656685147341,-1.6038125246225217,-2.4228236493968502,-1.6563648331460032,-2.19599477355337,-5.621408366882212
-0.7430575800906424,-0.6818261842389831,-0.8355788995428094,-1.1612652153813348,-0.7672157742343058,-0.5043131729778819,-0.9340146465470098,2.8368376278834853
-0.9198441873204836,-0.06341270383985748,-0.27196531087206166,-0.15919749631619934,-0.1545287717993714,-0.8952928648338575,-0.33492697556163925,-1.9868612267740962
-0.051968098931775786,-0.450334344171238,-0.38637281141994456,-0.3791040592854568,-0.041368211662919215,-1.1143124465254832,-0.699258529260877,-0.8226954110414733
0.8432025929343222,1.72206334880176,1.3132225991318858,1.093838694212722,1.0695540225578675,1.137244708263126,1.3635371301504926,5.038503000335576
-0.998985032438339,-0.7511619888723637,-0.7641462130126876,-0.7239735017536041,-0.5410161073164338,-0.4295170395371233,-0.4457237395423661,-3.2075339102536526
1.1627655002343873,0.8746652838984041,1.1962689911592126,0.7316935884047988,2.223385993583171,0.9419506010695456,1.2702427906034193,9.11549202641821
-0.36101972222566336,0.08349844762611636,0.42807197209397224,0.4786683844908585,-0.3722293787167894,-0.4520466500025025,0.06909577349148702,-1.1664017123763843
1.1575844531516055,1.2573169757396303,1.2400507722722276,1.2198770135756314,1.319925224939499,1.326881802517283,1.425441687073804,7.789915621203607
-0.3604820428383859,0.38452155232079993,-0.7217952039325376,-0.1123213812964643,0.4362678014691463,0.10265300889493578,-0.07862445498753398,-2.238922448245666
-1.4140729867776267,-1.3503346223627284,-1.5347958434468039,-1.5110891440767233,-1.0687926158613896,-0.6322530581639958,-1.7678867173061772,-1.880908373956027
-1.2684757237793685,-1.4029087384395125,-1.6678107630373502,-1.9687128573361905,-1.2348917808903324,-1.2867294264153166,-1.4124959555685415,-0.31602240923443237
0.6616124218051977,0.3967451972982768,0.467645836159199,0.9076708823756515,0.19544322649453008,0.17150157143567507,0.7824056239594034,5.575463279450544
